Title;Content;Date;URL;Cleaned Article
 Minyak dan Saham Rontok, Harga Emas Bangkit ke Rp924 Ribu ; ADVERTISEMENT   SCROLL TO CONTINUE WITH CONTENT ;21-04-2020;https://www.cnnindonesia.com/ekonomi/20200421093114-92-495527/minyak-dan-saham-rontok-harga-emas-bangkit-ke-rp924-ribu;
 Kompak Melemah Bersama Mata Uang Lain, Rupiah ke Rp15.500 ; ADVERTISEMENT   SCROLL TO CONTINUE WITH CONTENT ;21-04-2020;https://www.cnnindonesia.com/ekonomi/20200421090247-78-495521/kompak-melemah-bersama-mata-uang-lain-rupiah-ke-rp15500;
BNP Paribas AM Tunjuk Priyo Santoso Jadi Presdir di Indonesia;"TRIBUNNEWS.COM, JAKARTA - BNP Paribas Asset Management (BNP Paribas AM) mengumumkan penunjukan Priyo Santoso sebagai Presiden Direktur BNP Paribas AM di Indonesia. Atas kedudukan baru ini, Priyo bertanggung jawab untuk memimpin pengembangan dan pelaksanaan strategi bisnis jangka panjang perusahaan di Indonesia. Mengutip Kontan.co.id, Rabu (15/4/2020), selain mengelola kegiatan harian BNP Paribas Priyo juga bertanggung jawab untuk menjaga hubungan dengan para pemangku kepentingan baik para nasabah maupun industri. Priyo disebutkan memiliki pengalaman lebih dari 30 tahun di industri keuangan dan manajemen investasi di Indonesia. Sebelum bergabung dengan PT BNP Paribas Asset Management, Priyo telah menduduki berbagai posisi senior di beberapa perusahaan manajemen investasi dan asuransi terkemuka di Indonesia dengan posisi terakhir sebagai Chief Investment Officer / Investment Group Head PT Asuransi Jiwa Generali Indonesia. Priyo dengan pengalamannya yang menyeluruh di sisi investasi maupun pengelolaan risiko akan memimpin perusahaan untuk melanjutkan rekam jejak PT BNP Paribas Asset Management sebagai perusahan manajemen investasi terkemuka, edukatif, inovatif, pelopor dalam investasi yang berkelanjutan serta selalu memberikan solusi investasi dan layanan yang lebih baik lagi bagi para nasabah-nasabahnya. Mengomentari penunjukan tersebut, Ligia Torres Presiden Komisaris BNP Paribas mengatakan, Priyo bergabung dengan BNP Paribas pada saat yang tepat di tengah upaya perusahaan untuk mempertegas kehadiran di Indonesia.  .recads_wrapper{height:134px;position:relative;margin:10px 0 30px;padding:10px 15px;overflow:hidden;box-shadow:0 0 10px rgb(0 0 0 / 20%);}.recads_title{margin-bottom:10px;font-size:16px;font-weight:700}.arjW-list{overflow-x:scroll;overflow-y:hidden;white-space:nowrap;width:auto;padding:10px 0;position:relative;display:flex;scroll-snap-type:x;flex-wrap:nowrap}.recads_item{scroll-snap-align:start;width:280px;flex:0 0 280px;margin-right:20px;display: flex;white-space: normal;gap: 10px;}.recads_item a {display:flex;white-space:normal;gap:10px;}.recads_image{position:relative;height:auto}.recads_image img{width:auto;height: 73px!important;max-width:165px!important;border-radius:8px}.article_datas_title{font-size:14px;font-weight:700;line-height:1.2;margin:0;overflow:hidden;display:-webkit-box;-webkit-line-clamp:4;-webkit-box-orient:vertical;}.arjW-img-overlay{position:absolute;z-index:3;bottom:8px;left:0;padding:0 0 0 10px}.arjW-img-overlay>img{width:auto;height: 16px!important;}.recads_image::after{z-index:2;position:absolute;top:50%;bottom:4px;left:0;right:0;content:'';background:linear-gradient(to top,#d6d6d6,transparent);width:100%;border-radius: 8px;}             BERITA REKOMENDASI           ""Sebagai seorang profesional dengan gabungan pengalaman di bidang investasi dan sektor keuangan di Indonesia, Priyo akan memainkan peranan penting dalam mengimplementasikan target jangka panjang kami untuk terus memberikan solusi investasi bagi nasabah nasabah kami dan menerapkan konsep investasi yang berkelanjutan dalam strategi investasi kami,"" ucapnya.";15-04-2020;https://www.tribunnews.com/bisnis/2020/04/15/bnp-paribas-am-tunjuk-priyo-santoso-jadi-presdir-di-indonesia;"tribunnews.com, jakarta - bnp paribas asset management (bnp paribas am) mengumumkan penunjukan priyo santoso sebagai presiden direktur bnp paribas am di indonesia. atas kedudukan baru ini, priyo bertanggung jawab untuk memimpin pengembangan dan pelaksanaan strategi bisnis jangka panjang perusahaan di indonesia. mengutip kontan.co.id, rabu (15/4/2020), selain mengelola kegiatan harian bnp paribas priyo juga bertanggung jawab untuk menjaga hubungan dengan para pemangku kepentingan baik para nasabah maupun industri. priyo disebutkan memiliki pengalaman lebih dari 30 tahun di industri keuangan dan manajemen investasi di indonesia. sebelum bergabung dengan pt bnp paribas asset management, priyo telah menduduki berbagai posisi senior di beberapa perusahaan manajemen investasi dan asuransi terkemuka di indonesia dengan posisi terakhir sebagai chief investment officer / investment group head pt asuransi jiwa generali indonesia. priyo dengan pengalamannya yang menyeluruh di sisi investasi maupun pengelolaan risiko akan memimpin perusahaan untuk melanjutkan rekam jejak pt bnp paribas asset management sebagai perusahan manajemen investasi terkemuka, edukatif, inovatif, pelopor dalam investasi yang berkelanjutan serta selalu memberikan solusi investasi dan layanan yang lebih baik lagi bagi para nasabah-nasabahnya. mengomentari penunjukan tersebut, ligia torres presiden komisaris bnp paribas mengatakan, priyo bergabung dengan bnp paribas pada saat yang tepat di tengah upaya perusahaan untuk mempertegas kehadiran di indonesia. berita rekomendasi ""sebagai seorang profesional dengan gabungan pengalaman di bidang investasi dan sektor keuangan di indonesia, priyo akan memainkan peranan penting dalam mengimplementasikan target jangka panjang kami untuk terus memberikan solusi investasi bagi nasabah nasabah kami dan menerapkan konsep investasi yang berkelanjutan dalam strategi investasi kami,"" ucapnya."
6 Promo Alfamart Berlaku Sampai 30 April 2020: Promo Serba Mulai Rp 5 Ribu hingga Spesial Ramadan;"TRIBUNNEWS.COM - Simak daftar promo Alfamart yang berlaku hingga 30 April 2020. Alfamart menggelar diskon hingga promo yang menarik setiap harinya. Sebelumnya, Alfamart juga memberikan diskon bertajuk 'Beli 2 Lebih Hemat' pada periode 1-15 April 2020. Untuk mengetahui diskon atau promo apa saja yang masih berlaku saat berbelanja di Alfamart, simak selengkapnya. Baca: Promo #DiRumahAja JCO Berlaku hingga 19 April 2020, Harga Rp 104 Ribu Dapat 2 Lusin Donat Baca: Promo #DiRumahAja JCO, Hanya Rp 104 Ribuan Dapat 2 Lusin Donat, Berlaku hingga 19 April 2020 Tribunnews telah menghimpun daftar promo spesial Alfamart di laman alfamartku.com dan Instagram resmi Alfamart, @alfamart, Jumat (17/4/2020). 1. Promo Produk Spesial Mingguan (PSM) Alfamart memberikan promo spesial mingguan yang berlaku sejak Kamis (16/4/2020) hingga 23 April 2020, mendatang.  .recads_wrapper{height:134px;position:relative;margin:10px 0 30px;padding:10px 15px;overflow:hidden;box-shadow:0 0 10px rgb(0 0 0 / 20%);}.recads_title{margin-bottom:10px;font-size:16px;font-weight:700}.arjW-list{overflow-x:scroll;overflow-y:hidden;white-space:nowrap;width:auto;padding:10px 0;position:relative;display:flex;scroll-snap-type:x;flex-wrap:nowrap}.recads_item{scroll-snap-align:start;width:280px;flex:0 0 280px;margin-right:20px;display: flex;white-space: normal;gap: 10px;}.recads_item a {display:flex;white-space:normal;gap:10px;}.recads_image{position:relative;height:auto}.recads_image img{width:auto;height: 73px!important;max-width:165px!important;border-radius:8px}.article_datas_title{font-size:14px;font-weight:700;line-height:1.2;margin:0;overflow:hidden;display:-webkit-box;-webkit-line-clamp:4;-webkit-box-orient:vertical;}.arjW-img-overlay{position:absolute;z-index:3;bottom:8px;left:0;padding:0 0 0 10px}.arjW-img-overlay>img{width:auto;height: 16px!important;}.recads_image::after{z-index:2;position:absolute;top:50%;bottom:4px;left:0;right:0;content:'';background:linear-gradient(to top,#d6d6d6,transparent);width:100%;border-radius: 8px;}             BERITA REKOMENDASI           Selain itu ada juga tambahan diskon ekstra potongan Rp 1.500 per produk jika membayar dengan Go-pay. Ada beragam produk yang ditawarkan dalam promo ini, muai dari snack, minuman, hingga produk kesehatan. - Teh Botol Sosro beli dua ukuran 450ml hanya Rp 9.900 - Chitato 55g + 68gr (all variant) Rp 4.500 - Listerine 250ml dan Siwak 250 ml Rp 17.000 - Baygon 600 ml Rp 26.900 Selain itu, masih banyak promo menarik lain yang bisa didapatkan di Alfamart.  2. Promo Serba Promo berikutnya yang ditawarkan oleh Alfamart adalah promo Serba. Promo ini memberikan harga spesial bagi konsumen, yakni mulai Rp 5.000 hingga Rp 15.000. Syaratnya cukup dengan belanja minimal Rp 50.000 saja. Promo Serba ini berlaku sampai dengan 30 April 2020, mendatang. Berikut daftar promo Serba yang bisa didapatkan dengan harga spesial: - Indomie Seblak Hot Jeletot/ Soto Spesial Koya 75g/ Ayam Spesial 68g, atau - Indomilk KKM Putih/Coklat Sac 6X37g, atau - Pringles Original/ Sour Cream & Onion Can 42g, atau - Colgate Pasta gigi Fresh Cool Mint 180g, atau - Kino Larutan Leci/Jambu/Jeruk Can 320ml. Selain itu, masih banyak promo menarik lain yang bisa didapatkan di Alfamart. Promo ini tidak berlaku untuk pembelian susu bayi di bawah satu tahun, minyak goreng, rokok.  3. Promo Privat Label Promo privat label ini berlaku mulai dari Kamis (16/4/2020) sampai 30 April 2020 mendatang. Ada beragam promo yang bisa didapatkan, mulai dari kebutuhan pokok hingga alat kebersihan. - Alfamart Sikat Baju Rp 9.900 - Alfamart Sikat Sepatu Rp 9.00 - Alfamart Karbol Wangi 800ml Rp 8.500 - Alfamart Pembersih lantai Lavender Lemon Refil 800ml Rp 7.900 - Alfamart abon sapi 100g beli dua hanya Rp 23.900 - Alfamart gula merah 400g Rp 11.900 - Alfamart beras merah 2kg Rp 29.900 Selain itu, masih banyak promo menarik lain yang bisa didapatkan di Alfamart.  Baca: 10 Akomodasi di Indonesia yang Tawarkan Promo Work From Hotel Baca: Pertamina Berikan Promo Cashback 50 Persen bagi Ojek Online, Simak Cara Mendapatkannya 4. Promo Kesehatan dan Perawatan Tubuh Selain promo kebutuhan bahan pokok, Alfamart juga memberikan promo kesehatan tubuh. Mulai dari produk sabun hingga shampo yang bisa didapatkan dengan harga hemat. Promo ini berlaku hari ini hingga periode 30 April 2020. - Biore BW Bright Refill 450ml All Variant Rp 20.000 - Palmolive BW ABS Relax Refill 450ml Rp 33.500 - Marina BW Glow Refill 430ml beli dua hanya Rp 23.900 - Clear Shampoo Fresh Apple, Hijab ketombe + Clear Shampoo rontok lemon fresh 160ml Rp 20.500. Selain itu, masih banyak promo menarik lain yang bisa didapatkan di Alfamart.  5. Promo Jamaah Jelang Ramadan Promo ini berlaku mulai hari ini, untuk periode 17 - 19 April 2020. Selain itu bagi pengguna Kartu Kredit BNI & BRI juga akan mendapatkan tambahan potongan harga menarik. Berikut daftar promo Jamaah Jelang Ramadan: - Khong Guan Biscuits 1.600g Rp 84.900 - Khong Guan Biscuits 65g Rp 44.500 - Chocolatos 350g Rp 40.900 - Tango 300/315g Rp 23.900 - Chizmill 300g Rp 23.900 - Astor 330g Rp 24.900 - Beli Royal Choice 480g gratis Tropical Minyak Goreng 1L Selain itu, masih banyak promo menarik lain yang bisa didapatkan di Alfamart.  6. Promo Kebutuhan Dapur Bunda Promo ini terdiri dari minyak goreng berbagai merek. Promo berlaku hingga 30 April 2020, mendatang. Simak daftar promonya berikut ini: - Bimoli 2L Rp 23.900 - Bimoli 2L spesial pouch Rp 23.900 - Tropical Pet 2L Rp 23.900 - Filma 2L Rp 23.900 Selain itu, masih banyak promo menarik lain yang bisa didapatkan di Alfamart.  (Tribunnews.com/ Ayumiftakhul)";17-04-2020;https://m.tribunnews.com/bisnis/2020/04/17/6-promo-alfamart-berlaku-sampai-30-april-2020-promo-serba-mulai-rp-5-ribu-hingga-spesial-ramadan?page=3;tribunnews.com - simak daftar promo alfamart yang berlaku hingga 30 april 2020. alfamart menggelar diskon hingga promo yang menarik setiap harinya. sebelumnya, alfamart juga memberikan diskon bertajuk 'beli 2 lebih hemat' pada periode 1-15 april 2020. untuk mengetahui diskon atau promo apa saja yang masih berlaku saat berbelanja di alfamart, simak selengkapnya. baca: promo #dirumahaja jco berlaku hingga 19 april 2020, harga rp 104 ribu dapat 2 lusin donat baca: promo #dirumahaja jco, hanya rp 104 ribuan dapat 2 lusin donat, berlaku hingga 19 april 2020 tribunnews telah menghimpun daftar promo spesial alfamart di laman alfamartku.com dan instagram resmi alfamart, @alfamart, jumat (17/4/2020). 1. promo produk spesial mingguan (psm) alfamart memberikan promo spesial mingguan yang berlaku sejak kamis (16/4/2020) hingga 23 april 2020, mendatang. berita rekomendasi selain itu ada juga tambahan diskon ekstra potongan rp 1.500 per produk jika membayar dengan go-pay. ada beragam produk yang ditawarkan dalam promo ini, muai dari snack, minuman, hingga produk kesehatan. - teh botol sosro beli dua ukuran 450ml hanya rp 9.900 - chitato 55g + 68gr (all variant) rp 4.500 - listerine 250ml dan siwak 250 ml rp 17.000 - baygon 600 ml rp 26.900 selain itu, masih banyak promo menarik lain yang bisa didapatkan di alfamart. 2. promo serba promo berikutnya yang ditawarkan oleh alfamart adalah promo serba. promo ini memberikan harga spesial bagi konsumen, yakni mulai rp 5.000 hingga rp 15.000. syaratnya cukup dengan belanja minimal rp 50.000 saja. promo serba ini berlaku sampai dengan 30 april 2020, mendatang. berikut daftar promo serba yang bisa didapatkan dengan harga spesial: - indomie seblak hot jeletot/ soto spesial koya 75g/ ayam spesial 68g, atau - indomilk kkm putih/coklat sac 6x37g, atau - pringles original/ sour cream & onion can 42g, atau - colgate pasta gigi fresh cool mint 180g, atau - kino larutan leci/jambu/jeruk can 320ml. selain itu, masih banyak promo menarik lain yang bisa didapatkan di alfamart. promo ini tidak berlaku untuk pembelian susu bayi di bawah satu tahun, minyak goreng, rokok. 3. promo privat label promo privat label ini berlaku mulai dari kamis (16/4/2020) sampai 30 april 2020 mendatang. ada beragam promo yang bisa didapatkan, mulai dari kebutuhan pokok hingga alat kebersihan. - alfamart sikat baju rp 9.900 - alfamart sikat sepatu rp 9.00 - alfamart karbol wangi 800ml rp 8.500 - alfamart pembersih lantai lavender lemon refil 800ml rp 7.900 - alfamart abon sapi 100g beli dua hanya rp 23.900 - alfamart gula merah 400g rp 11.900 - alfamart beras merah 2kg rp 29.900 selain itu, masih banyak promo menarik lain yang bisa didapatkan di alfamart. baca: 10 akomodasi di indonesia yang tawarkan promo work from hotel baca: pertamina berikan promo cashback 50 persen bagi ojek online, simak cara mendapatkannya 4. promo kesehatan dan perawatan tubuh selain promo kebutuhan bahan pokok, alfamart juga memberikan promo kesehatan tubuh. mulai dari produk sabun hingga shampo yang bisa didapatkan dengan harga hemat. promo ini berlaku hari ini hingga periode 30 april 2020. - biore bw bright refill 450ml all variant rp 20.000 - palmolive bw abs relax refill 450ml rp 33.500 - marina bw glow refill 430ml beli dua hanya rp 23.900 - clear shampoo fresh apple, hijab ketombe + clear shampoo rontok lemon fresh 160ml rp 20.500. selain itu, masih banyak promo menarik lain yang bisa didapatkan di alfamart. 5. promo jamaah jelang ramadan promo ini berlaku mulai hari ini, untuk periode 17 - 19 april 2020. selain itu bagi pengguna kartu kredit bni & bri juga akan mendapatkan tambahan potongan harga menarik. berikut daftar promo jamaah jelang ramadan: - khong guan biscuits 1.600g rp 84.900 - khong guan biscuits 65g rp 44.500 - chocolatos 350g rp 40.900 - tango 300/315g rp 23.900 - chizmill 300g rp 23.900 - astor 330g rp 24.900 - beli royal choice 480g gratis tropical minyak goreng 1l selain itu, masih banyak promo menarik lain yang bisa didapatkan di alfamart. 6. promo kebutuhan dapur bunda promo ini terdiri dari minyak goreng berbagai merek. promo berlaku hingga 30 april 2020, mendatang. simak daftar promonya berikut ini: - bimoli 2l rp 23.900 - bimoli 2l spesial pouch rp 23.900 - tropical pet 2l rp 23.900 - filma 2l rp 23.900 selain itu, masih banyak promo menarik lain yang bisa didapatkan di alfamart. (tribunnews.com/ ayumiftakhul)
Bank BTPN Syariah Beri Keringanan Pembiayaan, Ini Syaratnya;JAKARTA, KOMPAS.com – Bank BTPN Syariah (Persero) Tbk memberikan keringanan pembiayaan kepada nasabah Usaha Kecil Menengah (UKM). Hal ini sesuai Peraturan Otoritas Jasa Jasa Keuangan (POJK) Nomor 11/POJK.03/2020 tentang stimulus perekonomian sebagai kebijakan Countercyclical. Namun keringanan pembiayaan ini berlaku dengan syarat yakni debitur mengalami kesulitan membayar cicilan kepada bank akibat terdampak virus corona, termasuk juga debitur dalam ranah UKM. Direktur Kepatuhan BTPN Syariah, Arief Ismail mengatakan saat ini Bank BTPN telah menerapkan kebijakan POJK tersebut kepada debitur yang mengalami kesulitan membayar cicilannya. “Kami menyiapkan skema-skema keringanan yang disesuaikan dengan kondisi masing-masing nasabah salah satunya memperpanjang instalment,” kata Arief. Arief juga menjelaskan, di masa pandemi ini, Bank BTPN Syariah tetap fokus melayani keluarga prasejahtera produktif. Hanya saja dengan karakter nasabah yang terbiasa dilayani oleh para petugas lapangan, maka pelayanan nasabah akan berbeda kala kondisi Covid-19. “Kami memberikan edukasi bagi nasabah yang memperoleh pembiayaan sehingga terbantu dalam menyelesaikan kewajibannya, termasuk jika ada kebutuhan untuk mendapatkan kelonggaran pembiayaan bank apabila usahanya terdampak Covid-19,” ujarnya. Namun demikian, Arief memastikan Bank BTPN Syariah tetap melakukan pelayanan kebutuhan transaksi keuangan seperti tarik dan setor dana tunai untuk kebutuhan sehari-hari nasabah yang per Desember 2019 tercatat sebanyak 3,7 juta nasabah. ;19-04-2020;https://money.kompas.com/read/2020/04/19/090400926/bank-btpn-syariah-beri-keringanan-pembiayaan-ini-syaratnya;jakarta,bank btpn syariah (persero) tbk memberikan keringanan pembiayaan kepada nasabah usaha kecil menengah (ukm). hal ini sesuai peraturan otoritas jasa jasa keuangan (pojk) nomor 11/pojk.03/2020 tentang stimulus perekonomian sebagai kebijakan countercyclical. namun keringanan pembiayaan ini berlaku dengan syarat yakni debitur mengalami kesulitan membayar cicilan kepada bank akibat terdampak virus corona, termasuk juga debitur dalam ranah ukm. direktur kepatuhan btpn syariah, arief ismail mengatakan saat ini bank btpn telah menerapkan kebijakan pojk tersebut kepada debitur yang mengalami kesulitan membayar cicilannya. “kami menyiapkan skema-skema keringanan yang disesuaikan dengan kondisi masing-masing nasabah salah satunya memperpanjang instalment,” kata arief. arief juga menjelaskan, di masa pandemi ini, bank btpn syariah tetap fokus melayani keluarga prasejahtera produktif. hanya saja dengan karakter nasabah yang terbiasa dilayani oleh para petugas lapangan, maka pelayanan nasabah akan berbeda kala kondisi covid-19. “kami memberikan edukasi bagi nasabah yang memperoleh pembiayaan sehingga terbantu dalam menyelesaikan kewajibannya, termasuk jika ada kebutuhan untuk mendapatkan kelonggaran pembiayaan bank apabila usahanya terdampak covid-19,” ujarnya. namun demikian, arief memastikan bank btpn syariah tetap melakukan pelayanan kebutuhan transaksi keuangan seperti tarik dan setor dana tunai untuk kebutuhan sehari-hari nasabah yang per desember 2019 tercatat sebanyak 3,7 juta nasabah. 
Wabah Covid-19, Pemerintah Kampanyekan Masker Kain Produksi Lokal ;"JAKARTA, KOMPAS.com - Menteri Koperasi, Usaha Kecil dan Menengah Teten Masduki mengatakan, pihaknya sedang mengkampanyekan pemakaian masker kain hasil buatan Usaha Mikro, Kecil, dan Menengah (UMKM).  Menurut Teten, kampanye ini bertujuan mendukung penguatan UMKM agar bisa bertahan di masa pandemi Covid-19.  ""Supaya tidak berebut masker untuk tenaga medis dengan (warga) yang sehat, kita memang bikin kampanye untuk memakai masker kain produk UMKM untuk orang sehat,"" ujar Teten dalam konferensi pers di Graha BNPB, Rabu (15/4/2020).  Dengan begitu, masyarakat yang sehat tidak berebut dengan tenaga medis dan pasien positif Covid-19 yang memang sangat membutuhkan masker medis.  ""Untuk orang yang biasa saya kira perlu masker nonmedis yang sekarang bisa produksi oleh UMKM,"" tegas Teten.  Teten melanjutkan, UMKM merupakan salah satu penyangga ekonomi nasional di masa krisis.  Hal ini berkaitan dengan dampak pandemi Covid-19 yang berpotensi menaikkan angka kemiskinan dan pengangguran akibat PHK massal di sekitar formal maupun informal.  ""Saatnya kita bantu menguatkan UMKM. Pemerintah membantu memberikan penguatan. Sementara itu masyarakat membantu UMKM agar permintaan terjaga,"" ucap Teten. Lebih lanjut, Teten mengungkapkan bahwa saat ini banyak UMKM yang banting setir menjadi produsen alat kesehatan (alkes).  Untuk mendukung mereka, pemerintah saat ini telah menerbitkan katalog produk UMKM alkes.  Katalog tersebut berisi 60 produk yang telah dikurasi bersama oleh pemerintah dan PT Daruma.  ";15-04-2020;https://nasional.kompas.com/read/2020/04/15/20474331/wabah-covid-19-pemerintah-kampanyekan-masker-kain-produksi-lokal;"jakarta,menteri koperasi, usaha kecil dan menengah teten masduki mengatakan, pihaknya sedang mengkampanyekan pemakaian masker kain hasil buatan usaha mikro, kecil, dan menengah (umkm). menurut teten, kampanye ini bertujuan mendukung penguatan umkm agar bisa bertahan di masa pandemi covid-19. ""supaya tidak berebut masker untuk tenaga medis dengan (warga) yang sehat, kita memang bikin kampanye untuk memakai masker kain produk umkm untuk orang sehat,"" ujar teten dalam konferensi pers di graha bnpb, rabu (15/4/2020). dengan begitu, masyarakat yang sehat tidak berebut dengan tenaga medis dan pasien positif covid-19 yang memang sangat membutuhkan masker medis. ""untuk orang yang biasa saya kira perlu masker nonmedis yang sekarang bisa produksi oleh umkm,"" tegas teten. teten melanjutkan, umkm merupakan salah satu penyangga ekonomi nasional di masa krisis. hal ini berkaitan dengan dampak pandemi covid-19 yang berpotensi menaikkan angka kemiskinan dan pengangguran akibat phk massal di sekitar formal maupun informal. ""saatnya kita bantu menguatkan umkm. pemerintah membantu memberikan penguatan. sementara itu masyarakat membantu umkm agar permintaan terjaga,"" ucap teten. lebih lanjut, teten mengungkapkan bahwa saat ini banyak umkm yang banting setir menjadi produsen alat kesehatan (alkes). untuk mendukung mereka, pemerintah saat ini telah menerbitkan katalog produk umkm alkes. katalog tersebut berisi 60 produk yang telah dikurasi bersama oleh pemerintah dan pt daruma. "
Full Air Brake, Solusi Bus buat Cegah Rem Blong;"JAKARTA, KOMPAS.com – Kendaraan besar seperti bus membutuhkan perangkat pengereman yang kuat. Biasanya untuk pengereman utama pada bus menggunakan rem udara. Rem udara merupakan sistem pengereman yang menggunakan tekanan udara sebagai penggerak kampas rem. Rem udara pada bus menggunakan kompresor untuk mengumpulkan dan menekan angin lalu dimasukkan ke air tank. Ketika pedal rem diinjak, udara dari air tank akan dialiri ke brake chamber yang merubah tekanan udara menjadi gerakan mekanis yang menekan kampas rem ke tromol atau cakram. Secara umum, rem udara terbagi menjadi dua, semi air brake dan full air brake.  Ilustrasi kecelakaan bus di jalan bebas hambatan. Sumber: Shutterstock Semi air brake menggunakan tenaga hidrolis untuk menekan kampas remnya, tetapi tetap menggunakan udara untuk menekan hidrolis tersebut. Sedangkan full air brake tidak menggunakan hidrolik, hanya tekanan udara saja yang menekan kampas rem. Untuk keamanan dari bus sendiri, model full air brake lebih aman dibanding yang semi air brake, seperti yang dikatakan Jusri Pulubuhu, Founder &amp; Training Director Jakarta Defensive Driving Consulting (JDDC). “Semi air brake jika baru pertama dinyalakan dan air tank nya kosong, masih bisa dipakai jalan. Padahal jika tekanan udara di air tank kosong, bisa menyebabkan kecelakaan seperti rem blong,"" ucap Jusri kepada Kompas.com belum lama ini. Sedangkan sistem full air brake, jika air tank kosong, rem akan mengunci, jadi tidak bisa berjalan. Air tank harus terisi sampai batas tekanan minimal baru rem bisa dibuka. Hal seperti ini tentunya bisa mengurangi tingkat kecelakaan karena kekurangan angin yang membuat pengereman kurang maksimal. ";14-04-2020;https://otomotif.kompas.com/read/2020/04/14/194100315/full-air-brake-solusi-bus-buat-cegah-rem-blong;"jakarta,kendaraan besar seperti bus membutuhkan perangkat pengereman yang kuat. biasanya untuk pengereman utama pada bus menggunakan rem udara. rem udara merupakan sistem pengereman yang menggunakan tekanan udara sebagai penggerak kampas rem. rem udara pada bus menggunakan kompresor untuk mengumpulkan dan menekan angin lalu dimasukkan ke air tank. ketika pedal rem diinjak, udara dari air tank akan dialiri ke brake chamber yang merubah tekanan udara menjadi gerakan mekanis yang menekan kampas rem ke tromol atau cakram. secara umum, rem udara terbagi menjadi dua, semi air brake dan full air brake. ilustrasi kecelakaan bus di jalan bebas hambatan. sumber: shutterstock semi air brake menggunakan tenaga hidrolis untuk menekan kampas remnya, tetapi tetap menggunakan udara untuk menekan hidrolis tersebut. sedangkan full air brake tidak menggunakan hidrolik, hanya tekanan udara saja yang menekan kampas rem. untuk keamanan dari bus sendiri, model full air brake lebih aman dibanding yang semi air brake, seperti yang dikatakan jusri pulubuhu, founder training director jakarta defensive driving consulting (jddc). “semi air brake jika baru pertama dinyalakan dan air tank nya kosong, masih bisa dipakai jalan. padahal jika tekanan udara di air tank kosong, bisa menyebabkan kecelakaan seperti rem blong,"" ucap jusri kepada kompas.com belum lama ini. sedangkan sistem full air brake, jika air tank kosong, rem akan mengunci, jadi tidak bisa berjalan. air tank harus terisi sampai batas tekanan minimal baru rem bisa dibuka. hal seperti ini tentunya bisa mengurangi tingkat kecelakaan karena kekurangan angin yang membuat pengereman kurang maksimal. "
6 Jenis Tanaman Herbal untuk Cegah Infeksi Virus Corona;KOMPAS.com – Pandemi Covid-19 membuat banyak orang khawatir hingga melakukan berbagai hal agar tidak mudah terinfeksi virus corona baru. Salah satu yang jamak dilakukan masyarakat Indonesia, yakni mengonsumsi jamu atau beberapa jenis tanaman herbal yang dianggap bisa meningkatkan daya tahan tubuh atau imunitas. Ternyata, anggapan atau cara tersebut bukan hanya isapan jempol semata. Kepala Balai Besar Penelitian dan Pengambangan Tanaman Obat dan Obat Tradisional (B2P2TOOT) Kementerian Kesehatan (Kemenkes), Akhmad Saikhu, MSc. PH., menjelaskan ada beberapa jenis tanaman yang secara empiris dapat manfaat meningkatkan daya tahan tubuh sehingga baik untuk mencegah infeksi virus corona. Berikut ini daftanya: 1. Pegagan Tanaman yang memiliki nama latin Centela asiatica merupakan tanaman tradisional yang mempunyai manfaat sebagai imunomodulator pada penyakit yang membutuhkan pertahanan sistem imun seluler maupun humoral. Kandungan senyawa glikosida triterpenoid dan asiaticoside dapat mempercepat perbaikan sel-sel kulit dan meningkatkan daya tahan tubuh non spesifik. 2. Bawang putih Tanaman dengan nama latin Allium sativum ini telah dikenal mempunyai banyak keunggulan, seperti: Jika diperhatikan lebih jauh, bawang putih ini juga memiliki fungsi dalam meningkatkan kekebalan yang mengesankan. Bawang putih mengandung allicin, sebuah komponen kuat yang dapat menghancurkan bakteri dan infeksi. 3. Temulawak Shutterstock Temulawak Tanaman dengan nama latin Curcuma xanthorrhiza Roxb. tersebut dikenal memiliki efek yang baik dalam meningkatkan daya tahan tubuh atau imunitas tubuh. Temulawak mempunyai beberapa kandungan senyawa kimia yang terdapat pada rimpangnya, antara lain berupa: Kurkuminoid terdiri atas kurkumin dan desmetoksikurkumin, yang bermanfaat antara lain untuk: 4. Meniran Wikimedia Commons Daun Meniran Tanaman dengan nama latin Phyllanthus niruri L. ini secara empirik dapat digunakan untuk beberapa keperluan, seperti: Dalam dunia farmasi, ekstrak meniran telah teruji secara klinis juga sebagai imunomodulator atau peningkat daya tahan tubuh. 5. Kunyit   Tanaman dengan nama latin Curcuma domestica Val tersebut terbukti mengandung zat aktif yang khas, yaitu curcuminoide dan ukanon jenis A, B, C dan D yang berfungsi merangsang daya tahan tubuh. 6. Temu mangga Kompas.com Ilustrasi Temu Mangga Tanaman dengan nama latin Curcuma mangga ini mempunyai aktivitas fagositosis terkuat dibandingkan empon-empon lain yang dikenal untuk meningkatka daya tahan tubuh. Akhmad Saikhu, memastikan kebermanfaatan beberapa jenis tanaman tersebut sudah teruji secara klinis dapat meningkatkan daya tahan tubuh. Hasil penelitian mengenai hal itu juga sudah diterbitkan B2P2TOOT, Tawangmangu, Karanganyar dalam Buku Vademekum Tanaman Obat untuk Saintifikasi Jamu pada 2013. “Setelah diteliti dan diujicobakan, kami menyimpulkan bahwa tanaman-tanaman tersebut memang baik untuk peningkatan daya tahan tubuh,” jelas Saikhu saat dihubungi Kompas.com, Sabtu (18/4/2020). Karena kebermanfaatannya sebagai imunomudulator, dia pun menyampaikan, enam jenis tanaman di atas baik dikonsumsi sekarang ini dengan tujuan untuk mencegah infeksi virus corona. Tanaman itu dapat dikonsumsi dengan cara rebus 2-3 jenis bahan kering masing-masing 10 gram dalam 400 ml air atau 2 gelas air selama 15 menit. Kemudian, minum 2 kali sehari. ;18-04-2020;https://health.kompas.com/read/2020/04/18/115800268/6-jenis-tanaman-herbal-untuk-cegah-infeksi-virus-corona?page=all&jxrecoid=d36d6858-da5d-4beb-99f9-e5105cda52d4~lfa_kompas&source=widgetML&engine=V;pandemi covid-19 membuat banyak orang khawatir hingga melakukan berbagai hal agar tidak mudah terinfeksi virus corona baru. salah satu yang jamak dilakukan masyarakat indonesia, yakni mengonsumsi jamu atau beberapa jenis tanaman herbal yang dianggap bisa meningkatkan daya tahan tubuh atau imunitas. ternyata, anggapan atau cara tersebut bukan hanya isapan jempol semata. kepala balai besar penelitian dan pengambangan tanaman obat dan obat tradisional (b2p2toot) kementerian kesehatan (kemenkes), akhmad saikhu, msc. ph., menjelaskan ada beberapa jenis tanaman yang secara empiris dapat manfaat meningkatkan daya tahan tubuh sehingga baik untuk mencegah infeksi virus corona. berikut ini daftanya: 1. pegagan tanaman yang memiliki nama latin centela asiatica merupakan tanaman tradisional yang mempunyai manfaat sebagai imunomodulator pada penyakit yang membutuhkan pertahanan sistem imun seluler maupun humoral. kandungan senyawa glikosida triterpenoid dan asiaticoside dapat mempercepat perbaikan sel-sel kulit dan meningkatkan daya tahan tubuh non spesifik. 2. bawang putih tanaman dengan nama latin allium sativum ini telah dikenal mempunyai banyak keunggulan, seperti: jika diperhatikan lebih jauh, bawang putih ini juga memiliki fungsi dalam meningkatkan kekebalan yang mengesankan. bawang putih mengandung allicin, sebuah komponen kuat yang dapat menghancurkan bakteri dan infeksi. 3. temulawak shutterstock temulawak tanaman dengan nama latin curcuma xanthorrhiza roxb. tersebut dikenal memiliki efek yang baik dalam meningkatkan daya tahan tubuh atau imunitas tubuh. temulawak mempunyai beberapa kandungan senyawa kimia yang terdapat pada rimpangnya, antara lain berupa: kurkuminoid terdiri atas kurkumin dan desmetoksikurkumin, yang bermanfaat antara lain untuk: 4. meniran wikimedia commons daun meniran tanaman dengan nama latin phyllanthus niruri l. ini secara empirik dapat digunakan untuk beberapa keperluan, seperti: dalam dunia farmasi, ekstrak meniran telah teruji secara klinis juga sebagai imunomodulator atau peningkat daya tahan tubuh. 5. kunyit tanaman dengan nama latin curcuma domestica val tersebut terbukti mengandung zat aktif yang khas, yaitu curcuminoide dan ukanon jenis a, b, c dan d yang berfungsi merangsang daya tahan tubuh. 6. temu mangga kompas.com ilustrasi temu mangga tanaman dengan nama latin curcuma mangga ini mempunyai aktivitas fagositosis terkuat dibandingkan empon-empon lain yang dikenal untuk meningkatka daya tahan tubuh. akhmad saikhu, memastikan kebermanfaatan beberapa jenis tanaman tersebut sudah teruji secara klinis dapat meningkatkan daya tahan tubuh. hasil penelitian mengenai hal itu juga sudah diterbitkan b2p2toot, tawangmangu, karanganyar dalam buku vademekum tanaman obat untuk saintifikasi jamu pada 2013. “setelah diteliti dan diujicobakan, kami menyimpulkan bahwa tanaman-tanaman tersebut memang baik untuk peningkatan daya tahan tubuh,” jelas saikhu saat dihubungi kompas.com, sabtu (18/4/2020). karena kebermanfaatannya sebagai imunomudulator, dia pun menyampaikan, enam jenis tanaman di atas baik dikonsumsi sekarang ini dengan tujuan untuk mencegah infeksi virus corona. tanaman itu dapat dikonsumsi dengan cara rebus 2-3 jenis bahan kering masing-masing 10 gram dalam 400 ml air atau 2 gelas air selama 15 menit. kemudian, minum 2 kali sehari. 
Profil Refly Harun, Eks Aktivis yang Dicopot dari Komisaris Pelindo I;"JAKARTA, KOMPAS.com - Menteri Badan Usaha Milik Negara (BUMN) Erick Thohir mencopot Refly Harun dari jabatannya sebagai Komisaris Utama PT Pelabuhan Indonesia I (Persero). Selain Refly, Erick juga turut mencopot tiga jajaran komisaris Pelindo I. Ketiganya, yakni Heryadi dari jabatan Komisaris Independen, Bambang Setyo Wahyudi (Komisaris), Lukita Dinarsyah Tuwo (Komisaris) dan Winata Supriatna (Komisaris). Nama Refly Harun sendiri sebenarnya wajah lama di Kementerian BUMN. Sebelum berlabuh di Pelindo I, dia sebelumnya sempat menjabat sebagai Komisaris Utama PT Jasa Marga (Persero) Tbk. Refly Harun selama ini dikenal sebagai akademisi kerapkali mengkritik pemerintah. Dia mengaku, tetap kritis meski ditawari masuk dalam jajaran komisaris BUMN jalan tol tersebut sejak tahun 2015. Dikutip dari Harian Kompas, 1 November 2019, Refly Harun sempat mengkritik keluarnya revisi UU KPK yang dianggap melemahkan lembaga anti-rasuah tersebut. Selain ini, dia menilai, ada kecenderungan makin banyaknya akomodasi terhadap kekuatan-kekuatan politik yang dilakukan Jokowi. ""Saya katakan, saya akan tetap apa adanya. Kalau pemerintah salah, saya kritik. Saya tetap berusaha netral. Sebagai akademisi hukum tata negara, saya punya kewajiban akademik untuk menyampaikan pendapat ke publik,"" kata Refly saat itu. Dikenal sebagai dosen, pria asal Palembang ini sempat mencicipi karir sebagai wartawan dan aktivis. Lalu karirnya berlanjut menjadi pakar hukum tata negara, Staf Ahli Mahkamah Konstitusi, dan sempat menjadi Staf Ahli Presiden Bidang Hukum tahun 2014. ";21-04-2020;https://money.kompas.com/read/2020/04/21/085614726/profil-refly-harun-eks-aktivis-yang-dicopot-dari-komisaris-pelindo-i?page=all;"jakarta,menteri badan usaha milik negara (bumn) erick thohir mencopot refly harun dari jabatannya sebagai komisaris utama pt pelabuhan indonesia i (persero). selain refly, erick juga turut mencopot tiga jajaran komisaris pelindo i. ketiganya, yakni heryadi dari jabatan komisaris independen, bambang setyo wahyudi (komisaris), lukita dinarsyah tuwo (komisaris) dan winata supriatna (komisaris). nama refly harun sendiri sebenarnya wajah lama di kementerian bumn. sebelum berlabuh di pelindo i, dia sebelumnya sempat menjabat sebagai komisaris utama pt jasa marga (persero) tbk. refly harun selama ini dikenal sebagai akademisi kerapkali mengkritik pemerintah. dia mengaku, tetap kritis meski ditawari masuk dalam jajaran komisaris bumn jalan tol tersebut sejak tahun 2015. dikutip dari harian kompas, 1 november 2019, refly harun sempat mengkritik keluarnya revisi uu kpk yang dianggap melemahkan lembaga anti-rasuah tersebut. selain ini, dia menilai, ada kecenderungan makin banyaknya akomodasi terhadap kekuatan-kekuatan politik yang dilakukan jokowi. ""saya katakan, saya akan tetap apa adanya. kalau pemerintah salah, saya kritik. saya tetap berusaha netral. sebagai akademisi hukum tata negara, saya punya kewajiban akademik untuk menyampaikan pendapat ke publik,"" kata refly saat itu. dikenal sebagai dosen, pria asal palembang ini sempat mencicipi karir sebagai wartawan dan aktivis. lalu karirnya berlanjut menjadi pakar hukum tata negara, staf ahli mahkamah konstitusi, dan sempat menjadi staf ahli presiden bidang hukum tahun 2014. "
Penjelasan Lengkap Nasib THR Karyawan Swasta, PNS, BUMN, dan TNI/Polri;"JAKARTA, KOMPAS.com - Banyak perusahaan mengalami kesulitan arus kas lantaran terdampak langsung dari wabah virus corona (Covid-19) di Indonesia. Hal ini berdampak pada ketidakmampuan perusahaan swasta untuk membayarkan kewajibannya kepada karyawan swasta, termasuk tunjangan hari raya (THR). Keuangan pemerintah maupun BUMN juga setali tiga uang. Pemerintah pusat dan daerah banyak melakukan realokasi anggaran untuk menutup kekurangan anggaran maupun budget tambahan untuk alokasi dana penanggulangan Covid-19. Kondisi sulit ini membuat pembayaran THR perlu disesuaikan. Berikut skenario lengkap skema pembayaran THR Lebaran 2020 bagi karyawan swasta, PNS, BUMN, hingga pejabat negara. Menteri Keuangan Sri Mulyani Indrawati telah memastikan alokasi anggaran THR bagi PNS, termasuk unsur TNI dan Polri di APBN 2020. Dalam artian, pemberian THR tahun ini tetap berlangsung sesuai mekanisme awal. ""Gaji ke-13 dan THR kami sudah mengusulkan kepada Presiden, yang nanti akan diputuskan di sidang kabinet. Perhitungannya untuk ASN, TNI, Polri yang terutama kelompok yang pelaksana golongan I, II dan III terutama untuk ASN, TNI, Polri, THR dalam hal ini sudah disediakan,"" jelas Sri Mulyani dalam video conference, Selasa (7/4/2020). Sebelumnya, Sri Mulyani sempat mengatakan, Presiden Joko Widodo tengah melakukan beberapa pertimbangan terkait pembayaran gaji ke-13 dan THR untuk aparatur sipil negara (ASN) atau PNS di tengah pandemik virus corona. Dalam paparannya ketika melakukan rapat kerja dengan Komisi XI DPR RI, Senin (6/4/2020), Sri Mulyani mengatakan, pertimbangan pembayaran gaji ke-13 tersebut terkait dengan belanja pemerintah yang mengalami tekanan. Sebab, pemerintah secara jor-joran menggelontorkan insentif kepada dunia usaha serta bantuan sosial untuk meredam dampak virus corona. THR yang didapat tidak sama seperti tahun sebelumnya. THR tahun ini hanya berupa gaji pokok plus tunjangan melekat, seperti tunjangan istri/suami dan anak. Namun, tidak termasuk tunjangan kinerja (tukin). Dia mengatakan, para pensiunan ASN, TNI, dan Polri juga akan mendapatkan THR seperti yang telah direncanakan. ""Seluruh pelaksana dan eselon III ke bawah mendapat THR dari gaji pokok dan tunjangan melekat, tidak dari tukin. Pensiun juga teteap sesuai tahun lalu karena mereka kelompok yang mungkin tertekan juga,"" jelas dia. Kementerian BUMN memastikan perusahaan-perusahaan milik negara akan tetap memberi THR bagi karyawannya di tahun 2020 ini. Pembayaran tetap dilakukan meski kondisi keuangan tengah dalam kondisi sulit. ";19-04-2020;https://money.kompas.com/read/2020/04/19/091600226/penjelasan-lengkap-nasib-thr-karyawan-swasta-pns-bumn-dan-tni-polri?page=all;"jakarta,banyak perusahaan mengalami kesulitan arus kas lantaran terdampak langsung dari wabah virus corona (covid-19) di indonesia. hal ini berdampak pada ketidakmampuan perusahaan swasta untuk membayarkan kewajibannya kepada karyawan swasta, termasuk tunjangan hari raya (thr). keuangan pemerintah maupun bumn juga setali tiga uang. pemerintah pusat dan daerah banyak melakukan realokasi anggaran untuk menutup kekurangan anggaran maupun budget tambahan untuk alokasi dana penanggulangan covid-19. kondisi sulit ini membuat pembayaran thr perlu disesuaikan. berikut skenario lengkap skema pembayaran thr lebaran 2020 bagi karyawan swasta, pns, bumn, hingga pejabat negara. menteri keuangan sri mulyani indrawati telah memastikan alokasi anggaran thr bagi pns, termasuk unsur tni dan polri di apbn 2020. dalam artian, pemberian thr tahun ini tetap berlangsung sesuai mekanisme awal. ""gaji ke-13 dan thr kami sudah mengusulkan kepada presiden, yang nanti akan diputuskan di sidang kabinet. perhitungannya untuk asn, tni, polri yang terutama kelompok yang pelaksana golongan i, ii dan iii terutama untuk asn, tni, polri, thr dalam hal ini sudah disediakan,"" jelas sri mulyani dalam video conference, selasa (7/4/2020). sebelumnya, sri mulyani sempat mengatakan, presiden joko widodo tengah melakukan beberapa pertimbangan terkait pembayaran gaji ke-13 dan thr untuk aparatur sipil negara (asn) atau pns di tengah pandemik virus corona. dalam paparannya ketika melakukan rapat kerja dengan komisi xi dpr ri, senin (6/4/2020), sri mulyani mengatakan, pertimbangan pembayaran gaji ke-13 tersebut terkait dengan belanja pemerintah yang mengalami tekanan. sebab, pemerintah secara jor-joran menggelontorkan insentif kepada dunia usaha serta bantuan sosial untuk meredam dampak virus corona. thr yang didapat tidak sama seperti tahun sebelumnya. thr tahun ini hanya berupa gaji pokok plus tunjangan melekat, seperti tunjangan istri/suami dan anak. namun, tidak termasuk tunjangan kinerja (tukin). dia mengatakan, para pensiunan asn, tni, dan polri juga akan mendapatkan thr seperti yang telah direncanakan. ""seluruh pelaksana dan eselon iii ke bawah mendapat thr dari gaji pokok dan tunjangan melekat, tidak dari tukin. pensiun juga teteap sesuai tahun lalu karena mereka kelompok yang mungkin tertekan juga,"" jelas dia. kementerian bumn memastikan perusahaan-perusahaan milik negara akan tetap memberi thr bagi karyawannya di tahun 2020 ini. pembayaran tetap dilakukan meski kondisi keuangan tengah dalam kondisi sulit. "
             Deretan 10 Besar Market Cap, Gudang Garam Tersingkir            ;Jakarta, CNBC Indonesia - Bursa saham dalam negeri masih mengalami volatilitas yang cukup tinggi dalam beberapa hari terakhir akibat sentimen pandemi virus corona (Covid-19). Kondisi ini membuat kinerja saham emiten-emiten big cap alias emiten dengan kapitalisasi pasar (market capitalization/market cap) besar di atas Rp 100 triliun pun terpengaruh.Sepanjang pekan kemarin hingga Jumat (17/4/2020), mengacu data Bursa Efek Indonesia (BEI), Indeks Harga Saham Gabungan (IHSG) membukukan penurunan tipis 0,31% ke level 4.634,82, menjadi yang terburuk di bursa saham kawasan Asia lainnya. Investor asing masih membukukan jual bersih (net sell) Rp 2,55 triliun.Adapun pada perdagangan akhir pekan Jumat, IHSG menguat 154,26 poin atau 3,44% ditopang oleh sentimen positif laporan data awal yang menjanjikan terkait dengan potensi pengobatan Covid-19 dari perusahaan farmasi AS Gilead Sciences Inc.Penguatan IHSG pada akhir pekan kemarin juga membuat harga saham kelompok saham big cap juga berfluktuasi. Mengacu data BEI, hingga akhir pekan lalu total kapitalisasi pasar saham-saham big cap mencapai Rp 2.485 triliun. Sementara hingga Senin ini (20/4/2020) sesi I pukul 10:30 WIB, total kapitalisasi pasar saham big cap naik menjadi Rp 2.577 triliun.Pada perdagangan Senin ini, IHSG dibuka stagnan, seiring berjalan waktu, hingga pukul 09:35 WIB, IHSG menguat 0,49% ke level 4.657,62 karena lonjakan di bursa saham Amerika Serikat (AS). Berikut jajaran 10 besar emiten dengan market cap terbesar: No Emiten 17 April 2020 (Rp T) No Emiten 20 April 2020 (Rp T) 1 BCA/BBCA 662 1 BCA/BBCA 668,15 2 Bank Bri/BBRI 346 2 Bank Bri/BBRI 354 3 Telkom/TLKM 320 3 Telkom/TLKM 317,99 4 Unilever/UNVR 262 4 Unilever/UNVR 268 5 Bank Mandiri/BMRI 202 5 Bank Mandiri/BMRI 208,13 6 Sampoerna/HMSP 190 6 Sampoerna/HMSP 190,18 7 Astra/ASII 154 7 Sinarmas/SMMA 157,41 8 Chandra Asri/TPIA 141 8 Astra/ASII 153,83 9 Indofood CBP/ICBP 119 9 Chandra Asri/TPIA 140,88 10 Gudang Garam/GGRM 89 10 Indofood CBP/ICBP 118,95 Sumber: BEI, berdasarkan data harga saham, Senin (20/4/2020) Berdasarkan data di atas, urutan pertama sampai enam teratas tidak mengalami perubahan posisi. Kapitalisasi pasar PT Bank Central Asia Tbk (BBCA) naik menjadi Rp 668,15 triliun dari Rp 662 triliun, market cap PT Bank Rakyat Indonesia Tbk (BBRI) juga menguat menjadi Rp 354 triliun dari Rp 346 triliun,  Kapitalisasi pasar PT Telekomunikasi Indonesia Tbk (TLKM) atau Telkom turun menjadi Rp 317,99 triliun dari sebelumnya Rp 320 triliun, market cap PT Unilever Indonesia Tbk (UNVR) naik menjadi Rp 268 triliun dari Rp 262 triliun. Berikutnya market cap PT HM Sampoerna Tbk (HMSP) juga naik tipis menjadi Rp 190,18 triliun dari Rp 190 triliun.Namun beberapa posisi tergeser misal PT Astra International Tbk (ASII) dari posisi 7 menjadi posisi 8, tergeser oleh PT Sinar Mas Multiartha Tbk (SMMA) yang sekaligus penghuni baru di '10 big cap' dengan market cap senilai Rp 157,41 triliun, sementara PT Gudang Garam Tbk (GGRM) tersingkir dari zona Top 10.Market cap adalah nilai pasar dari sebuah emiten, perkalian antara harga saham dengan jumlah saham beredar di pasar, semakin besar nilai market cap emiten maka pengaruh pergerakannya juga besar terhadap pergerakan IHSG.Saat ini, sentimen eksternal di pasar global memang cenderung membaik cenderung membaik setelah rencana Presiden AS Donald Trump yang berencana membuka kembali aktivitas ekonomi AS juga membantu sentimen investor untuk melirik pasar modal.Sementara harapan akan segera berakhirnya pandemi Covid-19 kembali muncul setelah adanya kabar Gilead Science Inc, raksasa farmasi di AS, memiliki obat yang efektif melawan virus corona, menjadi daya dorong tambahan. Kendati demikian, fokus pasar masih seputar pandemi virus corona yang terus diawasi secara ketat, dengan lebih dari 2,3 juta terinfeksi secara global dengan korban jiwa sekitar 164.000 orang, menurut data yang dikumpulkan oleh Universitas John Hopkins.    TIM RISET CNBC INDONESIA [Gambas:Video CNBC]   ;20-04-2020;https://www.cnbcindonesia.com/market/20200420105122-17-153035/deretan-10-besar-market-cap-gudang-garam-tersingkir;jakarta, cnbc indonesia - bursa saham dalam negeri masih mengalami volatilitas yang cukup tinggi dalam beberapa hari terakhir akibat sentimen pandemi virus corona (covid-19). kondisi ini membuat kinerja saham emiten-emiten big cap alias emiten dengan kapitalisasi pasar (market capitalization/market cap) besar di atas rp 100 triliun pun terpengaruh.sepanjang pekan kemarin hingga jumat (17/4/2020), mengacu data bursa efek indonesia (bei), indeks harga saham gabungan (ihsg) membukukan penurunan tipis 0,31% ke level 4.634,82, menjadi yang terburuk di bursa saham kawasan asia lainnya. investor asing masih membukukan jual bersih (net sell) rp 2,55 triliun.adapun pada perdagangan akhir pekan jumat, ihsg menguat 154,26 poin atau 3,44% ditopang oleh sentimen positif laporan data awal yang menjanjikan terkait dengan potensi pengobatan covid-19 dari perusahaan farmasi as gilead sciences inc.penguatan ihsg pada akhir pekan kemarin juga membuat harga saham kelompok saham big cap juga berfluktuasi. mengacu data bei, hingga akhir pekan lalu total kapitalisasi pasar saham-saham big cap mencapai rp 2.485 triliun. sementara hingga senin ini (20/4/2020) sesi i pukul 10:30 wib, total kapitalisasi pasar saham big cap naik menjadi rp 2.577 triliun.pada perdagangan senin ini, ihsg dibuka stagnan, seiring berjalan waktu, hingga pukul 09:35 wib, ihsg menguat 0,49% ke level 4.657,62 karena lonjakan di bursa saham amerika serikat (as). berikut jajaran 10 besar emiten dengan market cap terbesar: no emiten 17 april 2020 (rp t) no emiten 20 april 2020 (rp t) 1 bca/bbca 662 1 bca/bbca 668,15 2 bank bri/bbri 346 2 bank bri/bbri 354 3 telkom/tlkm 320 3 telkom/tlkm 317,99 4 unilever/unvr 262 4 unilever/unvr 268 5 bank mandiri/bmri 202 5 bank mandiri/bmri 208,13 6 sampoerna/hmsp 190 6 sampoerna/hmsp 190,18 7 astra/asii 154 7 sinarmas/smma 157,41 8 chandra asri/tpia 141 8 astra/asii 153,83 9 indofood cbp/icbp 119 9 chandra asri/tpia 140,88 10 gudang garam/ggrm 89 10 indofood cbp/icbp 118,95 sumber: bei, berdasarkan data harga saham, senin (20/4/2020) berdasarkan data di atas, urutan pertama sampai enam teratas tidak mengalami perubahan posisi. kapitalisasi pasar pt bank central asia tbk (bbca) naik menjadi rp 668,15 triliun dari rp 662 triliun, market cap pt bank rakyat indonesia tbk (bbri) juga menguat menjadi rp 354 triliun dari rp 346 triliun, kapitalisasi pasar pt telekomunikasi indonesia tbk (tlkm) atau telkom turun menjadi rp 317,99 triliun dari sebelumnya rp 320 triliun, market cap pt unilever indonesia tbk (unvr) naik menjadi rp 268 triliun dari rp 262 triliun. berikutnya market cap pt hm sampoerna tbk (hmsp) juga naik tipis menjadi rp 190,18 triliun dari rp 190 triliun.namun beberapa posisi tergeser misal pt astra international tbk (asii) dari posisi 7 menjadi posisi 8, tergeser oleh pt sinar mas multiartha tbk (smma) yang sekaligus penghuni baru di '10 big cap' dengan market cap senilai rp 157,41 triliun, sementara pt gudang garam tbk (ggrm) tersingkir dari zona top 10.market cap adalah nilai pasar dari sebuah emiten, perkalian antara harga saham dengan jumlah saham beredar di pasar, semakin besar nilai market cap emiten maka pengaruh pergerakannya juga besar terhadap pergerakan ihsg.saat ini, sentimen eksternal di pasar global memang cenderung membaik cenderung membaik setelah rencana presiden as donald trump yang berencana membuka kembali aktivitas ekonomi as juga membantu sentimen investor untuk melirik pasar modal.sementara harapan akan segera berakhirnya pandemi covid-19 kembali muncul setelah adanya kabar gilead science inc, raksasa farmasi di as, memiliki obat yang efektif melawan virus corona, menjadi daya dorong tambahan. kendati demikian, fokus pasar masih seputar pandemi virus corona yang terus diawasi secara ketat, dengan lebih dari 2,3 juta terinfeksi secara global dengan korban jiwa sekitar 164.000 orang, menurut data yang dikumpulkan oleh universitas john hopkins. tim riset cnbc indonesia [gambas:video cnbc] 
             Begini Kinerja Saham Rokok Sebelum & Sesudah Relaksasi Cukai            ;Jakarta, CNBC Indonesia - Mayoritas saham rokok pada perdagangan Jumat (17/4/2020) di penghujung pekan ini menguat merespons kebijakan baru Kemenkeu yang dirilis kemarin. Direktorat Jenderal Bea dan Cukai (DJBC) memberi kelonggaran bagi para pelaku usaha di industri tembakau itu melakukan pembayaran pita cukai rokoknya. Hal ini sebagai akibat dari tersendatnya logistik barang kena cukai di pasaran akibat pandemi virus Corona strain baru atau COVID-19. Ketentuan ini tertuang dalam Peraturan Menteri Keuangan (PMK) Nomor 30/PMK.04/2020 tentang Perubahan Atas PMK Nomor 57/PMK.04/2017 tentang Penundaan Pembayaran Cukai untuk Pengusaha Pabrik atau Importir Barang Kena Cukai yang Melaksanakan Pelunasan dengan Cara Pelekatan Pita Cukai. Berdasarkan catatan pukul 11:15 WIB, saham PT Gudang Garam Tbk memimpin penguatan di antara emiten saham rokok lainnya. Saham emiten berkode GGRM ini naik 3,65% menjadi Rp 46.100/saham. Saham PT Wismilak Inti Makmur Tbk (WIIM) menguat 3,57% menjadi Rp 116/saham, PT H M Sampoerna Tbk (HMSP) melonjak 3,57% ke Rp 1.615/saham, sedangkan saham PT Indonesia Tobacco Tbk (ITIC) naik 0,51% ke Rp 3.980/saham. Sebaliknya, saham PT Bentoel Internasional Tbk (RMBA) justru melemah 6,35% menjadi Rp 236/saham. Dalam keterangan resminya pada Kamis (16/4/2020), Direktur Kepabeanan Internasional dan Antar Lembaga Syarif Hidayat mengatakan relaksasi ini dapat membantu arus kas perusahaan sehingga dapat tetap menjalankan usahanya. Hal ini diharapkan menjaga logistik dan penyerapan tenaga kerja agar tidak terjadi Pemutusan Hubungan Kerja (PHK). Namun, jika dilihat sebelum adanya kebijakan tersebut saham-saham sektor rokok memang sudah membukukan penguatan selama sebulan terakhir. Ini menunjukkan bahwa sub sektor rokok memang cukup 'kebal' dari hantaman pandemi virus corona. Selama sebulan terakhir, saham ITIC membukukan kenaikan tertinggi di antara perusahaan sejenis (peer), yakni 61,79%, WIIM menyusul dengan reli 43,21%, GGRM naik 30,41%, HMSP melonjak 30,24%. Dan lagi-lagi, saham RMBA menjadi anomali dengan anjlok 20,81% pada periode tersebut.TIM RISET CNBC INDONESIA ;17-04-2020;https://www.cnbcindonesia.com/market/20200417122015-17-152657/begini-kinerja-saham-rokok-sebelum-sesudah-relaksasi-cukai;jakarta, cnbc indonesia - mayoritas saham rokok pada perdagangan jumat (17/4/2020) di penghujung pekan ini menguat merespons kebijakan baru kemenkeu yang dirilis kemarin. direktorat jenderal bea dan cukai (djbc) memberi kelonggaran bagi para pelaku usaha di industri tembakau itu melakukan pembayaran pita cukai rokoknya. hal ini sebagai akibat dari tersendatnya logistik barang kena cukai di pasaran akibat pandemi virus corona strain baru atau covid-19. ketentuan ini tertuang dalam peraturan menteri keuangan (pmk) nomor 30/pmk.04/2020 tentang perubahan atas pmk nomor 57/pmk.04/2017 tentang penundaan pembayaran cukai untuk pengusaha pabrik atau importir barang kena cukai yang melaksanakan pelunasan dengan cara pelekatan pita cukai. berdasarkan catatan pukul 11:15 wib, saham pt gudang garam tbk memimpin penguatan di antara emiten saham rokok lainnya. saham emiten berkode ggrm ini naik 3,65% menjadi rp 46.100/saham. saham pt wismilak inti makmur tbk (wiim) menguat 3,57% menjadi rp 116/saham, pt h m sampoerna tbk (hmsp) melonjak 3,57% ke rp 1.615/saham, sedangkan saham pt indonesia tobacco tbk (itic) naik 0,51% ke rp 3.980/saham. sebaliknya, saham pt bentoel internasional tbk (rmba) justru melemah 6,35% menjadi rp 236/saham. dalam keterangan resminya pada kamis (16/4/2020), direktur kepabeanan internasional dan antar lembaga syarif hidayat mengatakan relaksasi ini dapat membantu arus kas perusahaan sehingga dapat tetap menjalankan usahanya. hal ini diharapkan menjaga logistik dan penyerapan tenaga kerja agar tidak terjadi pemutusan hubungan kerja (phk). namun, jika dilihat sebelum adanya kebijakan tersebut saham-saham sektor rokok memang sudah membukukan penguatan selama sebulan terakhir. ini menunjukkan bahwa sub sektor rokok memang cukup 'kebal' dari hantaman pandemi virus corona. selama sebulan terakhir, saham itic membukukan kenaikan tertinggi di antara perusahaan sejenis (peer), yakni 61,79%, wiim menyusul dengan reli 43,21%, ggrm naik 30,41%, hmsp melonjak 30,24%. dan lagi-lagi, saham rmba menjadi anomali dengan anjlok 20,81% pada periode tersebut.tim riset cnbc indonesia 
             Efek Covid-19, Saham Sektor Apa yang Kebal Dampak Corona?            ;"Jakarta, CNBC Indonesia - PT Schroder Investment Management Indonesia (Schroders Indonesia) menyebut hampir seluruh sektor bisnis terdampak karena pandemi Covid-19 yang melanda dunia saat ini, termasuk Indonesia.Namun demikian masih terdapat dua sektor yang dinilai masih defensif bahkan diuntungkan dengan kondisi saat ini di Bursa Efek Indonesia (BEI).Direktur Schroders Indonesia Irwanti mengatakan sektor konsumer menjadi sektor yang paling aman dengan kondisi saat ini mengingat kebutuhan pokok selalu dibutuhkan oleh masyarakat. Bahkan terdapat beberapa kebutuhan pokok yang tingkat permintaannya justru lebih tinggi ketimbang saat kondisi normal.""Yang bertahan konsumer karena kebutuhan pokok di saat kondisi ekonomi lemah ini, bahkan ada beberapa barang kebutuhan pokok yang ada lonjakan karena kebijakan ini menyebabkan konsumen stocking up atau beli dalam jumlah yang lebih besar daripada ekonomi normal. Sektor paling defensif,"" kata Irwanti, kepada CNBC Indonesia, Selasa (14/4/2020). Selanjutnya, sektor yang dinilai mendapatkan keuntungan di tengah pandemi ini adalah sektor telekomunikasi. Tingkat permintaan data yang meningkat dengan adanya kebijakan untuk tetap di rumah dinilai menguntungkan sektor ini.""Sektor lain kena dampak negatif sedangkan dua sektor ini saja yang defensif saat sulit saat ini,"" imbuhnya.Dia menyebutkan, di tahun ini diperkirakan perusahaan-perusahaan dalam negeri mayoritas akan terkena dampak negatif dari penyebaran Covid-19, sehingga diperkirakan earning per share (EPS) atau rasio laba per saham untuk perusahaan yang sahamnya tercatat di bursa tahun ini akan bergerak negatif.""Ekspektasi kami tahun ini EPS growth pastinya kan akan negative return karena kebijakan lockdown sebabkan aktivitas terganggu. Ritel, logistik akan lebih rendah dari tahun lalu,"" terangnya.Mengacu data BEI, dari 10 indeks sektoral di BEI, hari ini yang mencatat penguatan terbesar yakni industri dasar dan kimia yakni sebesar 4,8%, lalu sektor infrastruktur, utilitas, dan transportasi 2,34% dan manufaktur naik 2,29%.Sementara year to date hingga Selasa ini (14/4/2020), semua sektor menurun tajam, namun paling rendah penurunan yakni dicatatkan sektor konsumer minus 14,92% dan pertambangan turun 18,42%, dan perdagangan, jasa, investasi minus 20,88%.  [Gambas:Video CNBC] ";14-04-2020;https://www.cnbcindonesia.com/market/20200414164044-17-151876/efek-covid-19-saham-sektor-apa-yang-kebal-dampak-corona;"jakarta, cnbc indonesia - pt schroder investment management indonesia (schroders indonesia) menyebut hampir seluruh sektor bisnis terdampak karena pandemi covid-19 yang melanda dunia saat ini, termasuk indonesia.namun demikian masih terdapat dua sektor yang dinilai masih defensif bahkan diuntungkan dengan kondisi saat ini di bursa efek indonesia (bei).direktur schroders indonesia irwanti mengatakan sektor konsumer menjadi sektor yang paling aman dengan kondisi saat ini mengingat kebutuhan pokok selalu dibutuhkan oleh masyarakat. bahkan terdapat beberapa kebutuhan pokok yang tingkat permintaannya justru lebih tinggi ketimbang saat kondisi normal.""yang bertahan konsumer karena kebutuhan pokok di saat kondisi ekonomi lemah ini, bahkan ada beberapa barang kebutuhan pokok yang ada lonjakan karena kebijakan ini menyebabkan konsumen stocking up atau beli dalam jumlah yang lebih besar daripada ekonomi normal. sektor paling defensif,"" kata irwanti, kepada cnbc indonesia, selasa (14/4/2020). selanjutnya, sektor yang dinilai mendapatkan keuntungan di tengah pandemi ini adalah sektor telekomunikasi. tingkat permintaan data yang meningkat dengan adanya kebijakan untuk tetap di rumah dinilai menguntungkan sektor ini.""sektor lain kena dampak negatif sedangkan dua sektor ini saja yang defensif saat sulit saat ini,"" imbuhnya.dia menyebutkan, di tahun ini diperkirakan perusahaan-perusahaan dalam negeri mayoritas akan terkena dampak negatif dari penyebaran covid-19, sehingga diperkirakan earning per share (eps) atau rasio laba per saham untuk perusahaan yang sahamnya tercatat di bursa tahun ini akan bergerak negatif.""ekspektasi kami tahun ini eps growth pastinya kan akan negative return karena kebijakan lockdown sebabkan aktivitas terganggu. ritel, logistik akan lebih rendah dari tahun lalu,"" terangnya.mengacu data bei, dari 10 indeks sektoral di bei, hari ini yang mencatat penguatan terbesar yakni industri dasar dan kimia yakni sebesar 4,8%, lalu sektor infrastruktur, utilitas, dan transportasi 2,34% dan manufaktur naik 2,29%.sementara year to date hingga selasa ini (14/4/2020), semua sektor menurun tajam, namun paling rendah penurunan yakni dicatatkan sektor konsumer minus 14,92% dan pertambangan turun 18,42%, dan perdagangan, jasa, investasi minus 20,88%. [gambas:video cnbc] "
             Perhatian! Tenggat Lapkeu Q1 Emiten Diperpanjang 2 Bulan            ;"Jakarta, CNBC Indonesia - Bursa Efek Indonesia (BEI) memberikan relaksasi kepada emiten (perusahaan terbuka) melalui perpanjangan tenggat waktu penyampaian laporan keuangan (lapkeu) kuartal pertama tahun 2020 dan laporan tahunan selama 2 bulan dari waktu yang ditetapkan.Keringanan tersebut diberlakukan sejak tanggal 20 Maret 2020 berdasarkan Keputusan Direksi BEI Nomor: Kep-00027/BEI/03-2020 tanggal 20 Maret 2020 perihal Relaksasi Batas Waktu Penyampaian Laporan Keuangan Dan Laporan Tahunan.Dalam surat yang disampaikan dan ditandatangani Direktur Utama BEI Inarno Djajadi dan Direktur Penilaian Perusahaan BEI, I Gede Nyoman Yetna, relaksasi ini mengacu pada keputusan Kepala Badan Penanggulangan Bencana Nomor 13 A Tahun 2020 Tentang Perpanjangan Status Keadaan Tertentu Darurat Bencana Wabah Penyakit Akibat Virus Corona di Indonesia.Selain itu, keringanan ini juga mengacu pada relaksasi kewajiban penyampaian laporan dan pelaksanaan Rapat Umum Pemegang Saham (RUPS) berdasarkan Surat Edaran OJK Nomor S-92/D/04/2020 pada 18 Maret 2020. ""Memutuskan, batas waktu penyampaian laporan keuangan triwulan I diperpanjang selama dua bulan dari batas waktu penyampaian pelaporan,"" tulis pengumuman BEI, dikutip Jumat (17/4/2020).Adapun dalam aturan normal sebelum keringanan ini berlaku, laporan keuangan Kuartal I (1Q atau per Maret) deadline yakni akhir April, sementara laporan keuangan kuartal II (1H atau per Juni) tenggatnya akhir Juli.Sementara itu, ketentuan mengenai pemberian notasi khusus pada kode perusahaan tercatat juga akan menyesuaikan batas waktu penyampaian laporan keuangan yang berlaku efektif sejak tanggal diberlakukannya edaran ini hingga waktu yang ditentukan kemudian.Dalam siaran pers yang disampaikan Sekretaris Perusahaan BEI Yulianto Aji Sadono sebelumnya, perpanjangan batas waktu penyampaian laporan keuangan tersebut emiten agar dapat menyampaikan informasi yang akurat kepada investor dengan tetap memperhatikan kondisi darurat yang sedang diberlakukan.""Bursa mengimbau kepada publik agar senantiasa memperhatikan keterbukaan informasi yang disampaikan oleh perusahaan tercatat,"" kata Aji.Sebelumnya Otoritas Jasa Keuangan (OJK) sudah memberikan edaran soal pelaksanaan RUPS Tahunan yang seharusnya dilakukan paling lambat 30 Juni diubah menjadi 31 Agustus 2020.Kemudian, penyampaian Laporan Keuangan Tahunan yang seharusnya paling lambat 30 Maret diubah menjadi 31 Mei 2020, sementara khusus Laporan Tahunan yang seharusnya paling lambat 30 April diundur menjadi 30 Juni 2020.  [Gambas:Video CNBC] ";17-04-2020;https://www.cnbcindonesia.com/market/20200417170727-17-152768/perhatian-tenggat-lapkeu-q1-emiten-diperpanjang-2-bulan;"bursa efek indonesia (bei) memberikan relaksasi kepada emiten (perusahaan terbuka) melalui perpanjangan tenggat waktu penyampaian laporan keuangan (lapkeu) kuartal pertama tahun 2020 dan laporan tahunan selama 2 bulan dari waktu yang ditetapkan.keringanan tersebut diberlakukan sejak tanggal 20 maret 2020 berdasarkan keputusan direksi bei nomor: kep-00027/bei/03-2020 tanggal 20 maret 2020 perihal relaksasi batas waktu penyampaian laporan keuangan dan laporan tahunan.dalam surat yang disampaikan dan ditandatangani direktur utama bei inarno djajadi dan direktur penilaian perusahaan bei, i gede nyoman yetna, relaksasi ini mengacu pada keputusan kepala badan penanggulangan bencana nomor 13 a tahun 2020 tentang perpanjangan status keadaan tertentu darurat bencana wabah penyakit akibat virus corona di indonesia.selain itu, keringanan ini juga mengacu pada relaksasi kewajiban penyampaian laporan dan pelaksanaan rapat umum pemegang saham (rups) berdasarkan surat edaran ojk nomor s-92/d/04/2020 pada 18 maret 2020. ""memutuskan, batas waktu penyampaian laporan keuangan triwulan i diperpanjang selama dua bulan dari batas waktu penyampaian pelaporan,"" tulis pengumuman bei, dikutip jumat (17/4/2020).adapun dalam aturan normal sebelum keringanan ini berlaku, laporan keuangan kuartal i (1q atau per maret) deadline yakni akhir april, sementara laporan keuangan kuartal ii (1h atau per juni) tenggatnya akhir juli.sementara itu, ketentuan mengenai pemberian notasi khusus pada kode perusahaan tercatat juga akan menyesuaikan batas waktu penyampaian laporan keuangan yang berlaku efektif sejak tanggal diberlakukannya edaran ini hingga waktu yang ditentukan kemudian.dalam siaran pers yang disampaikan sekretaris perusahaan bei yulianto aji sadono sebelumnya, perpanjangan batas waktu penyampaian laporan keuangan tersebut emiten agar dapat menyampaikan informasi yang akurat kepada investor dengan tetap memperhatikan kondisi darurat yang sedang diberlakukan.""bursa mengimbau kepada publik agar senantiasa memperhatikan keterbukaan informasi yang disampaikan oleh perusahaan tercatat,"" kata aji.sebelumnya otoritas jasa keuangan (ojk) sudah memberikan edaran soal pelaksanaan rups tahunan yang seharusnya dilakukan paling lambat 30 juni diubah menjadi 31 agustus 2020.kemudian, penyampaian laporan keuangan tahunan yang seharusnya paling lambat 30 maret diubah menjadi 31 mei 2020, sementara khusus laporan tahunan yang seharusnya paling lambat 30 april diundur menjadi 30 juni 2020. [gambas:video cnbc] "
             Rupiah Ganas! Dolar Singapura Melemah ke Bawah Rp 10.800/SG$            ;[Gambas:Video CNBC];17-04-2020;https://www.cnbcindonesia.com/market/20200417102136-17-152586/rupiah-ganas-dolar-singapura-melemah-ke-bawah-rp-10800-sg-;[gambas:video cnbc]
             Good Job Rupiah! Dolar Singapura Turun ke Bawah Rp 11.000/SG$            ;[Gambas:Video CNBC];15-04-2020;https://www.cnbcindonesia.com/market/20200415143434-17-152138/good-job-rupiah-dolar-singapura-turun-ke-bawah-rp-11000-sg-;[gambas:video cnbc]
             Ekonomi China Minus 6,8%, Renminbi Ambles 1,2% Dilibas Rupiah            ;[Gambas:Video CNBC];17-04-2020;https://www.cnbcindonesia.com/market/20200417161827-17-152758/ekonomi-china-minus-68-renminbi-ambles-12-dilibas-rupiah;[gambas:video cnbc]
             Terungkap! Ini Alasan Lengkap Pertamina Belum Turunkan BBM            ;[Gambas:Video CNBC];21-04-2020;https://www.cnbcindonesia.com/news/20200421152533-4-153411/terungkap-ini-alasan-lengkap-pertamina-belum-turunkan-bbm;[gambas:video cnbc]
             Bantuan Cair! Ibu Hamil Dapat Rp 3,75 Juta, Lansia Rp 3 Juta            ;[Gambas:Video CNBC];15-04-2020;https://www.cnbcindonesia.com/news/20200415193531-4-152241/bantuan-cair-ibu-hamil-dapat-rp-375-juta-lansia-rp-3-juta;[gambas:video cnbc]
             Kim Jong Un Sakit, Kurs Won Korea Ambles Nyaris 2%            ;[Gambas:Video CNBC];21-04-2020;https://www.cnbcindonesia.com/market/20200421140447-17-153382/kim-jong-un-sakit-kurs-won-korea-ambles-nyaris-2;[gambas:video cnbc]
